{
  "train_loss": [
    0.48544283596087456,
    0.42671363034213555,
    0.41858831863401064,
    0.41339949774258095,
    0.4094244130244186,
    0.4083015508272509,
    0.4054817566624091,
    0.4028319244213133,
    0.40036625280449023,
    0.39893334393882557,
    0.39843732337334115,
    0.39720479094482053,
    0.3953166740367553,
    0.3940108422182046,
    0.3927039250008501,
    0.3914437420235087,
    0.39082059717234063,
    0.38995908679343516,
    0.3899400737522228,
    0.38911459427041706
  ],
  "val_loss": [
    0.4301771172864695,
    0.40510845420697683,
    0.4039559479081409,
    0.40666319086699276,
    0.4104933771348646,
    0.3995206631478731,
    0.4007132048788165,
    0.387178218639598,
    0.3958530766376402,
    0.3843257390809914,
    0.3913800356297309,
    0.44529971565949406,
    0.3859054753006997,
    0.3845905148257969,
    0.3858019313147061,
    0.382798427013715,
    0.37984467160864693,
    0.38290819018059097,
    0.38264204387127493,
    0.3958050970380919
  ],
  "train_dice": [
    0.6934887714253775,
    0.7326748193120438,
    0.7393140056826507,
    0.745264019650298,
    0.7487216587820031,
    0.7509492833483337,
    0.7528193587813102,
    0.7534635459707681,
    0.7581539946777502,
    0.7589547471746374,
    0.7583266036908263,
    0.7614763550642251,
    0.7644991387873139,
    0.7645125718520616,
    0.767419026892988,
    0.7681719167307554,
    0.7693831400058918,
    0.769591666195602,
    0.7673257960702812,
    0.7708078978467966
  ],
  "val_dice": [
    0.7215417974398942,
    0.7334917367950419,
    0.7252092118532331,
    0.7008735507522197,
    0.7300286399397233,
    0.717854770748853,
    0.7454692117697834,
    0.7390571989455367,
    0.7202835392052748,
    0.749757635873729,
    0.7390123558904445,
    0.7234143104999685,
    0.7198305503529977,
    0.7350131385139138,
    0.7463787394231324,
    0.7402633509726148,
    0.7462139425866109,
    0.7363974892971353,
    0.7413134442644733,
    0.7409880671789447
  ],
  "val_hd95": [
    2.754627284226363,
    2.704739204085972,
    2.608128797382147,
    3.151073680057813,
    2.610733165368458,
    2.8135126904774346,
    2.473650579489455,
    2.5281346282669843,
    2.762450052108275,
    2.3750314020491916,
    2.5086973299489657,
    2.7985356973575484,
    2.719870431886893,
    2.528196712309144,
    2.4632888639212336,
    2.427895411199233,
    2.3225371393423777,
    2.519356155750733,
    2.567423620108269,
    2.4119821780144224
  ],
  "energy_savings": [
    0.0,
    0.0,
    0.0,
    0.0,
    0.0,
    0.0,
    0.0,
    0.0,
    0.0,
    0.0,
    25.258150808350564,
    25.18320922711349,
    25.287494795256148,
    25.331342518808864,
    25.281560938576842,
    25.249984744716294,
    25.210309789943718,
    25.259855810647824,
    25.276681491212962,
    25.21878993294854
  ]
}